ID,PrimaryEmail,FullName,PreferredName,JobTitle,CustomTitle,Department,Team,SubTeam,ManagerEmail,Pronoun,Location,Description,Hobby,SoftwareSkills,HardSkills,CurrentProjects,PastProjects,HireDate,,,,,,Force_Sync
151,m.bijakowski@iwoca.co.uk,Mateusz Bijakowski,Mat,TechOps Engineer,IT Warlock,TAP,T&A - Tech,IT,j.turner@iwoca.co.uk,He/Him,London,Some description,"RPG, cRPG, Games, Books, sci-fi, fantasy, tech, gadgets, pool",lol what,"Sheets, AppsScript, Looker, Javascript, Google",UserManager,DeviceManager,01/07/2015,,,,,,
1,n.surname@test.com,Name Surname,Preferred Name,Job Title,Custom Title,Department,Team,SubTeam,m.email.@test.com,He/Him,Location,Description,Hobby,Software Skill,Hard Skills,Current Projects,Past Projects,01/01/2010,,,,,,
29,not email,multi string name with-dash,.,testing,,,,,,,,,,,,,,broken date,,,,,,
223,223email@test.com,,,Job Title1,Custom Title1,,,,,,,,,,,,,,,,,,,
224,224email@test.com,,,Job Title1,Custom Title1,,,,,,,,,,,,,,,,,,,
225,225email@test.com,,,Job Title1,Custom Title1,,,,,,,,,,,,,,,,,,,
226,226email@test.com,,,Job Title1,Custom Title1,,,,,,,,,,,,,,,,,,,
227,227email@test.com,,,Job Title1,Custom Title1,,,,,,,,,,,,,,,,,,,
228,228email@test.com,,,Job Title1,Custom Title1,,,,,,,,,,,,,,,,,,,
229,229email@test.com,,,Job Title1,Custom Title1,,,,,,,,,,,,,,,,,,,
230,230email@test.com,,,Job Title1,Custom Title1,,,,,,,,,,,,,,,,,,,
231,231email@test.com,,,Job Title1,Custom Title1,,,,,,,,,,,,,,,,,,,
232,232email@test.com,,,Job Title1,Custom Title1,,,,,,,,,,,,,,,,,,,
233,233email@test.com,,,Job Title1,Custom Title1,,,,,,,,,,,,,,,,,,,
234,234email@test.com,,,Job Title1,Custom Title1,,,,,,,,,,,,,,,,,,,
235,235email@test.com,,,Job Title1,Custom Title1,,,,,,,,,,,,,,,,,,,
236,236email@test.com,,,Job Title1,Custom Title1,,,,,,,,,,,,,,,,,,,
237,237email@test.com,,,Job Title1,Custom Title1,,,,,,,,,,,,,,,,,,,
238,238email@test.com,,,Job Title1,Custom Title1,,,,,,,,,,,,,,,,,,,
239,239email@test.com,,,Job Title1,Custom Title1,,,,,,,,,,,,,,,,,,,
240,240email@test.com,,,Job Title1,Custom Title1,,,,,,,,,,,,,,,,,,,
241,241email@test.com,,,Job Title1,Custom Title1,,,,,,,,,,,,,,,,,,,
242,242email@test.com,,,Job Title1,Custom Title1,,,,,,,,,,,,,,,,,,,
243,243email@test.com,,,Job Title1,Custom Title1,,,,,,,,,,,,,,,,,,,
244,244email@test.com,,,Job Title2,Custom Title2,,,,,,,,,,,,,,,,,,,
245,245email@test.com,,,Job Title2,Custom Title2,,,,,,,,,,,,,,,,,,,
246,246email@test.com,,,Job Title2,Custom Title2,,,,,,,,,,,,,,,,,,,
247,247email@test.com,,,Job Title2,Custom Title2,,,,,,,,,,,,,,,,,,,
248,248email@test.com,,,Job Title2,Custom Title2,,,,,,,,,,,,,,,,,,,
249,249email@test.com,,,Job Title2,Custom Title2,,,,,,,,,,,,,,,,,,,
250,250email@test.com,,,Job Title2,Custom Title2,,,,,,,,,,,,,,,,,,,
251,251email@test.com,,,Job Title2,Custom Title2,,,,,,,,,,,,,,,,,,,
252,252email@test.com,,,Job Title2,Custom Title2,,,,,,,,,,,,,,,,,,,
253,253email@test.com,,,Job Title3,Custom Title3,,,,,,,,,,,,,,,,,,,
254,254email@test.com,,,Job Title3,Custom Title3,,,,,,,,,,,,,,,,,,,
255,255email@test.com,,,Job Title3,Custom Title3,,,,,,,,,,,,,,,,,,,
256,256email@test.com,,,Job Title3,Custom Title3,,,,,,,,,,,,,,,,,,,
257,257email@test.com,,,Job Title3,Custom Title3,,,,,,,,,,,,,,,,,,,
258,258email@test.com,,,Job Title3,Custom Title3,,,,,,,,,,,,,,,,,,,
259,259email@test.com,,,Job Title3,Custom Title3,,,,,,,,,,,,,,,,,,,
260,260email@test.com,,,Job Title3,Custom Title3,,,,,,,,,,,,,,,,,,,
261,261email@test.com,,,Job Title3,Custom Title3,,,,,,,,,,,,,,,,,,,
262,262email@test.com,,,Job Title3,Custom Title3,,,,,,,,,,,,,,,,,,,
263,263email@test.com,,,Job Title3,Custom Title3,,,,,,,,,,,,,,,,,,,
264,264email@test.com,,,Job Title3,Custom Title3,,,,,,,,,,,,,,,,,,,
265,265email@test.com,,,Job Title3,Custom Title3,,,,,,,,,,,,,,,,,,,
266,266email@test.com,,,Job Title3,Custom Title3,,,,,,,,,,,,,,,,,,,
267,267email@test.com,,,Job Title3,Custom Title3,,,,,,,,,,,,,,,,,,,
268,268email@test.com,,,Job Title3,Custom Title3,,,,,,,,,,,,,,,,,,,
269,269email@test.com,,,Job Title3,Custom Title3,,,,,,,,,,,,,,,,,,,
270,270email@test.com,,,Job Title3,Custom Title3,,,,,,,,,,,,,,,,,,,
271,271email@test.com,,,Job Title3,Custom Title3,,,,,,,,,,,,,,,,,,,
272,272email@test.com,,,Job Title3,Custom Title3,,,,,,,,,,,,,,,,,,,
273,273email@test.com,,,Job Title3,Custom Title3,,,,,,,,,,,,,,,,,,,
274,274email@test.com,,,Job Title3,Custom Title3,,,,,,,,,,,,,,,,,,,
275,275email@test.com,,,Job Title3,Custom Title3,,,,,,,,,,,,,,,,,,,
276,276email@test.com,,,Job Title3,Custom Title3,,,,,,,,,,,,,,,,,,,
277,277email@test.com,,,Job Title5,Custom Title4,,,,,,,,,,,,,,,,,,,
278,278email@test.com,,,Job Title5,Custom Title4,,,,,,,,,,,,,,,,,,,
279,279email@test.com,,,Job Title5,Custom Title4,,,,,,,,,,,,,,,,,,,
280,280email@test.com,,,Job Title5,Custom Title4,,,,,,,,,,,,,,,,,,,
281,281email@test.com,,,Job Title5,Custom Title4,,,,,,,,,,,,,,,,,,,
282,282email@test.com,,,Job Title5,Custom Title4,,,,,,,,,,,,,,,,,,,
283,283email@test.com,,,Job Title5,Custom Title4,,,,,,,,,,,,,,,,,,,
284,284email@test.com,,,Job Title5,Custom Title4,,,,,,,,,,,,,,,,,,,
285,285email@test.com,,,Job Title5,Custom Title4,,,,,,,,,,,,,,,,,,,
286,286email@test.com,,,Job Title5,Custom Title4,,,,,,,,,,,,,,,,,,,
287,287email@test.com,,,Job Title5,Custom Title4,,,,,,,,,,,,,,,,,,,
288,288email@test.com,,,Job Title5,Custom Title4,,,,,,,,,,,,,,,,,,,
289,289email@test.com,,,Job Title5,Custom Title4,,,,,,,,,,,,,,,,,,,
290,290email@test.com,,,Job Title5,Custom Title4,,,,,,,,,,,,,,,,,,,
291,291email@test.com,,,Job Title7,Custom Title8,,,,,,,,,,,,,,,,,,,
292,292email@test.com,,,Job Title9,Custom Title8,,,,,,,,,,,,,,,,,,,
293,293email@test.com,,,Job Title7,Custom Title8,,,,,,,,,,,,,,,,,,,
294,294email@test.com,,,Job Title9,Custom Title8,,,,,,,,,,,,,,,,,,,
295,295email@test.com,,,Job Title7,Custom Title8,,,,,,,,,,,,,,,,,,,
296,296email@test.com,,,Job Title9,Custom Title8,,,,,,,,,,,,,,,,,,,
297,297email@test.com,,,Job Title7,Custom Title8,,,,,,,,,,,,,,,,,,,
298,298email@test.com,,,Job Title9,Custom Title8,,,,,,,,,,,,,,,,,,,
299,299email@test.com,,,Job Title7,Custom Title8,,,,,,,,,,,,,,,,,,,
300,300email@test.com,,,Job Title9,Custom Title8,,,,,,,,,,,,,,,,,,,
301,301email@test.com,,,Job Title7,Custom Title8,,,,,,,,,,,,,,,,,,,
302,302email@test.com,,,Job Title9,Custom Title8,,,,,,,,,,,,,,,,,,,
303,303email@test.com,,,Job Title7,Custom Title8,,,,,,,,,,,,,,,,,,,
304,304email@test.com,,,Job Title9,Custom Title8,,,,,,,,,,,,,,,,,,,
305,305email@test.com,,,Job Title7,Custom Title8,,,,,,,,,,,,,,,,,,,
306,306email@test.com,,,Job Title9,Custom Title8,,,,,,,,,,,,,,,,,,,
307,307email@test.com,,,Job Title7,Custom Title8,,,,,,,,,,,,,,,,,,,
308,308email@test.com,,,Job Title9,Custom Title8,,,,,,,,,,,,,,,,,,,
309,309email@test.com,,,Job Title7,Custom Title8,,,,,,,,,,,,,,,,,,,
310,310email@test.com,,,Job Title9,Custom Title8,,,,,,,,,,,,,,,,,,,
311,311email@test.com,,,Job Title7,Custom Title8,,,,,,,,,,,,,,,,,,,
312,312email@test.com,,,Job Title9,Custom Title8,,,,,,,,,,,,,,,,,,,
313,313email@test.com,,,Job Title7,Custom Title8,,,,,,,,,,,,,,,,,,,
314,314email@test.com,,,Job Title9,Custom Title8,,,,,,,,,,,,,,,,,,,
315,315email@test.com,,,Job Title7,Custom Title8,,,,,,,,,,,,,,,,,,,
316,316email@test.com,,,Job Title9,Custom Title8,,,,,,,,,,,,,,,,,,,
317,317email@test.com,,,Job Title7,Custom Title8,,,,,,,,,,,,,,,,,,,
318,318email@test.com,,,Job Title9,Custom Title,,,,,,,,,,,,,,,,,,,